"city_state","white_2015","white_2000"
"abbeville la",45.3,53.49541516
"aberdeen nc",63.9,71.41176471
"aberdeen sd",88.3,94.123611
"aberdeen wa",71.6,82.19427738
"abilene ks",93.7,93.97829742
"abilene tx",59.8,68.75873372
"ada ok",63.3,72.51927857
"adrian mi",75.4,76.86103643
"aiken sc",64.7,65.88388523
"akron oh",60.1,66.66804868
"alameda ca",43.5,52.47927594
"alamogordo nm",55.3,57.81012872
"alamosa co",45.4,48.15326633
"albany ga",23.9,32.74412197
"albany ny",51.2,61.11250497
"albany or",81.8,89.00665818
"albert lea mn",82.1,88.45609065
"albion mi",59.6,58.68328959
"albuquerque nm",40.9,49.90894034
"alexander city al",55.1,70.31583156
"alexandria la",35.9,42.04824997
"alice tx",14,20.11572856
"allentown pa",37.6,64.35310226
"alliance ne",78.9,85.52293783
"alliance oh",82.5,84.84926676
"alpena mi",95.1,97.2487615
"alton il",67.9,71.56676285
"altoona pa",92.8,95.5959857
"altus ok",59.2,67.42667972
"alva ok",85.9,93.66490166
"amarillo tx",57,68.43463286
"americus ga",32.2,38.04149768
"ames ia",81.8,86.26283732
"amsterdam ny",65.1,80.61563607
"anadarko ok",30.5,39.72911964
"anchorage ak",60.3,69.91697498
"andalusia al",64.5,73.40231976
"anderson in",76.8,80.9254361
"anderson sc",58.5,62.45590656
"angleton tx",51.6,63.16602317
"angola in",91.2,92.15686275
"ann arbor mi",68.9,72.76976777
"annapolis md",54.4,58.97929572
"anniston al",43.8,47.90739825
"antigo wi",92.9,96.42523364
"antioch ca",31.8,55.94044095
"appleton wi",83.2,90.24355444
"ardmore ok",62.7,71.63763654
"arkadelphia ar",64.3,67.9893695
"arkansas city ks",72.3,85.28797124
"arlington heights il",83.1,87.6116321
"arlington tx",42.1,59.64248924
"arlington va",63,60.43134709
"artesia nm",45.5,51.74897119
"asbury park nj",24,18.58830478
"asheboro nc",59.9,65.61000369
"asheville nc",77.4,75.97729681
"ashland ky",92.8,95.49611028
"ashland oh",94,95.88215916
"ashland or",88,89.98053478
"ashland wi",83.5,89.59396752
"ashtabula oh",78,82.3490125
"aspen co",85,90.83530605
"astoria or",84.8,88.4846632
"atascadero ca",78.2,82.7306804
"atchison ks",85.1,87.05043002
"athens al",71.2,75.10412822
"athens ga",56.2,61.78565017
"athens oh",82.9,88.37503514
"athens tn",83,85.07564297
"athens tx",51.7,61.8394264
"athol ma",90.6,94.76702509
"atlanta ga",36.8,31.2677382
"atlantic ia",94.1,98.26374535
"attleboro ma",84.1,89.06294571
"auburn ca",82.4,89.51211684
"auburn in",95.3,96.67881398
"auburn ny",83.6,87.39063484
"augusta ga",36.3,NULL
"augusta ks",91.1,94.55063517
"augusta me",91.8,95.58189655
"aurora il",38.6,52.07147353
"austin mn",74.7,90.06605473
"austin tx",48.7,52.9354425
"baker city or",90.9,93.9959432
"bakersfield ca",35.2,51.07444841
"baltimore md",28.1,30.95519647
"bangor me",90.9,94.37930925
"banning ca",43.5,52.43188184
"baraboo wi",90.8,96.16282327
"barre vt",93.7,96.12528253
"barstow ca",31.3,43.387471
"bartlesville ok",75.4,80.58881087
"bastrop la",18.3,34.53187558
"batavia ny",85.4,89.30241142
"batesville ar",78.6,90.51349921
"baton rouge la",36.4,44.71420169
"battle creek mi",67.5,72.63510981
"bay city mi",84.2,87.82084363
"bay city tx",37.7,46.13489045
"baytown tx",34.7,50.17010387
"beardstown il",58.5,80.64516129
"beatrice ne",93.9,96.97503201
"beaufort sc",59.1,67.66023166
"beaumont tx",33.9,42.6773576
"beaver dam wi",89.3,93.8558903
"beavercreek oh",86.2,92.64427127
"beckley wv",66.8,73.22939608
"bedford in",94.3,96.31754794
"bellefontaine oh",89.3,90.3435611
"belleville il",68.2,80.51436851
"bellevue oh",95.1,96.15525449
"bellevue wa",54.7,71.82506001
"bellingham wa",79.1,85.87634545
"beloit wi",64.2,71.92732355
"belvidere il",68,77.15177714
"bemidji mn",81.1,83.69556096
"bend or",86.9,91.60276
"benicia ca",60.8,73.89912526
"bennington vt",92.9,96.4986911
"benton ar",83.9,92.01588606
"benton il",93,98.34302326
"bentonville ar",73.6,87.91687785
"berkeley ca",55.9,55.17748168
"berlin nh",89.8,97.81240925
"beverly ma",91.9,94.77948924
"biddeford me",92.2,96.20380097
"big rapids mi",84.7,82.39469075
"big spring tx",44.6,48.38901439
"billings mt",86.2,89.8972698
"biloxi ms",61,69.68643867
"binghamton ny",72.8,81.71591389
"birmingham al",22,23.51371386
"bismarck nd",90,94.33659872
"blackfoot id",74.5,81.9656397
"blackwell ok",76.3,85.22430882
"bloomington il",73.1,83.34001975
"bloomington in",78.7,85.72253251
"bloomsburg pa",87.4,93.6
"blue springs mo",83.5,91.6077371
"bluefield wv",71.7,75.4955899
"bluffton in",94.2,96.16191275
"bluffton sc",66.4,60.47058824
"blytheville ar",38.4,44.60923818
"boca raton fl",77,84.16483869
"bogalusa la",42.3,56.73026562
"boise id",83.6,89.89972388
"bonham tx",66.5,72.12212212
"boone ia",94.3,97.96141529
"boone nc",90.2,92.91864608
"boonville mo",82,79.55376737
"borger tx",62.2,73.82883513
"bossier city la",61.2,69.38771896
"boston ma",45.5,49.48917152
"boulder co",82.4,84.2066904
"bowling green ky",72.1,79.13420967
"bowling green oh",84.6,90.56215414
"bozeman mt",90.1,93.84928569
"bradenton fl",61.4,71.61037492
"bradford pa",97.4,97.08991826
"brainerd mn",92.1,95.3634846
"branson mo",87.1,92.04958678
"brattleboro vt",90.8,92.1341537
"brazil in",93.2,97.43527113
"bremerton wa",70.7,72.33151722
"brenham tx",59.1,65.46235285
"brentwood tn",85.3,93.7342717
"bridgeport ct",21.3,30.93120427
"bridgeton nj",14.6,31.21953362
"bristol ct",80,89.25776697
"bristol va",88.7,91.92146024
"brockton ma",41,58.21810316
"brookhaven ms",41.5,47.07433323
"brookings sd",90.2,95.10376135
"brooksville fl",71.7,73.22411894
"brownsville tx",5.1,7.74824294
"brownwood tx",63.5,71.25923563
"brunswick ga",25.6,33.08974359
"brunswick me",92.3,94.4924406
"bryan oh",93.6,94.15576623
"bryan tx",41.1,51.69509595
"bucyrus oh",95.9,96.74833636
"buffalo ny",44.9,51.75159236
"bullhead city az",73.9,75.40643786
"burien wa",51.2,71.51281327
"burley id",64.9,70.72778016
"burlington ia",85.4,90.64421178
"burlington nc",50.4,61.95427121
"burlington vt",84,91.46545296
"butler pa",91.5,94.69611798
"butte mt",91.7,93.68877611
"cadillac mi",93,95.93
"cambridge md",44.5,47.35587939
"cambridge oh",92,92.28298611
"camden ar",38.3,48.69241295
"canandaigua ny",94.9,95.39240057
"canon city co",87.1,87.03259672
"canton ga",61.3,68.78972629
"canton il",86.7,88.01674516
"canton oh",66.8,73.82248843
"cape coral fl",74.4,87.53397337
"cape girardeau mo",78.9,86.70683753
"carbondale il",58.4,64.71640636
"carlisle pa",80.1,87.89649416
"carlsbad nm",49.3,58.8097561
"carmi il",96.6,97.71302103
"carroll ia",94,98.34751633
"carrollton ga",53.7,60.56543869
"carson city nv",68.8,78.54814419
"cartersville ga",67.3,73.83359498
"carthage mo",64.1,81.70982002
"casa grande az",50.5,50.37662544
"casper wy",86.3,91.31818548
"cedar rapids ia",84.9,90.89170076
"celina oh",93.2,95.86528196
"centerville ia",94.1,96.40445645
"centralia il",82.9,85.79513299
"centralia wa",74.9,85.31406865
"chambersburg pa",68.9,83.71962826
"champaign il",63,71.34097574
"chanute ks",88.6,91.21241101
"charles city ia",89.4,95.90373784
"charleston sc",70.5,62.27315054
"charleston wv",81,80.13702477
"charlotte nc",43.5,55.07203769
"charlottesville va",66.4,68.42549224
"chattanooga tn",56.6,58.8747316
"cherokee ia",91.8,96.57291861
"cherry hill nj",62.8,81.50022662
"chesterton in",83.7,93.73569794
"cheyenne wy",77.1,81.39065477
"chicago il",32.2,31.32461975
"chickasha ok",77.1,79.74763407
"chico ca",72.9,77.15581946
"chillicothe mo",91.8,93.3764496
"chillicothe oh",84.8,88.7456414
"chippewa falls wi",94.9,97.32301741
"cincinnati oh",49.3,52.45664609
"circleville oh",93,94.83129403
"clanton al",70,76.28205128
"claremont nh",97.1,97.31579348
"claremore ok",66.3,74.25187425
"clarksburg wv",92.6,93.07770412
"clarksdale ms",19.4,29.71663841
"clarksville tn",59.6,65.30568846
"clearfield pa",96.4,98.14507616
"cleburne tx",64.8,73.90886368
"cleveland ms",46.5,49.54844303
"cleveland oh",34.1,38.80431352
"cleveland tn",77.1,87.68283502
"clinton ia",88.3,92.86691632
"clinton il",93.1,95.87174349
"clinton ma",75,84.85540335
"clinton mo",93.5,95.02738696
"clinton nc",45.9,51.80232558
"clinton ok",53,65.61757047
"clovis nm",47.8,55.64024857
"clute tx",33.7,42.35418266
"coeur d'alene id",90.4,94.05748392
"coffeyville ks",74,74.50322112
"colby ks",91.2,95.79816514
"coldwater mi",88.7,82.80696227
"collinsville il",83.1,90.15258834
"colorado springs co",69.4,75.29551941
"columbia city in",91.8,97.25872545
"columbia mo",76.3,80.42493286
"columbia sc",48.1,48.15442302
"columbia tn",69.5,72.75450008
"columbus ga",42.4,48.55178947
"columbus in",81.8,90.02022581
"columbus ms",35.7,43.26241135
"columbus ne",77.1,91.59792094
"columbus oh",58.1,66.88925745
"concord nc",63.5,75.00401951
"concord nh",90.3,94.58549414
"concordia ks",91,97.49737487
"connellsville pa",91.1,94.20511699
"connersville in",94.3,95.64596717
"conroe tx",51.6,54.49458042
"conway ar",74.6,82.97310445
"conyers ga",21.9,51.79156142
"cookeville tn",85,89.61668687
"coos bay or",82.6,88.4155067
"coral gables fl",37.5,47.73604109
"corbin ky",93.7,97.72668561
"cordele ga",28,31.56443832
"corinth ms",67.5,75.5372136
"corning ny",89.3,93.37760561
"corpus christi tx",31.5,38.52926972
"corry pa",94.1,97.77582675
"corsicana tx",45.3,51.81539718
"cortland ny",91.1,94.64781217
"corvallis or",78.7,83.31576173
"coshocton oh",94.2,95.75415169
"costa mesa ca",50.7,56.8209411
"council bluffs ia",86,92.50875266
"covington ga",44.6,50.01299039
"covington ky",80.1,86.26008762
"covington va",81.5,83.62684436
"craig co",79,86.59266514
"crawfordsville in",88.1,93.21655842
"crescent city ca",48.3,73.56465302
"creston ia",93.8,97.38054495
"crookston mn",82.5,87.84179688
"crowley la",59.2,67.16344464
"crystal lake il",82.6,89.65
"cullman al",89.8,92.98320829
"culpeper va",58.8,68.54304636
"cumberland md",87.9,92.17864114
"cushing ok",76.5,78.40162466
"dalhart tx",56.6,74.11911013
"dallas tx",29.4,34.56031567
"dalton ga",40.3,49.68114073
"danbury ct",54.5,68.06461094
"danville il",57.3,68.25153374
"danville ky",80.8,82.9230471
"danville va",45.1,53.32052633
"davenport ia",75.6,81.30623532
"davis ca",55.7,65.85195994
"dayton oh",51.6,52.64624291
"daytona beach fl",53,60.25393062
"de kalb il",66.5,75.55230919
"de queen ar",30.2,52.40242845
"decatur al",62.2,72.55465519
"decatur ga",68.6,64.65531493
"decatur il",70.6,76.95211336
"decatur in",86.7,91.04743913
"dedham ma",80.2,93.21939993
"defiance oh",80.4,82.33829335
"dekalb il",66.5,75.55230919
"del rio tx",13.8,16.67700121
"delaware oh",89.8,92.1800103
"delphos oh",96.2,98.0702765
"deming nm",25.8,32.43128365
"denison ia",48.9,79.52037062
"denison tx",77.8,81.68445088
"denton tx",59.9,69.0179669
"denver co",53.1,51.92540693
"derby ks",86.4,92.35693828
"deridder la",51.9,59.75734095
"des moines ia",68.2,79.57187868
"detroit mi",9.1,10.50395787
"devils lake nd",80.4,88.9781224
"dexter mo",96.7,96.71016857
"dickinson nd",89.2,96.48969394
"dixon il",79.5,83.3699266
"dodge city ks",34.5,51.53320623
"dothan al",61.2,66.69553319
"douglas az",21.8,12.09474567
"douglasville ga",30.5,61.92374782
"dover de",43,53.28458068
"dover nh",89.2,93.79928582
"dowagiac mi",58.9,75.97201887
"doylestown pa",91.3,95.22304607
"dublin ga",35.5,45.04635177
"dubois pa",92.5,97.7717592
"dubuque ia",89.4,95.40443088
"duluth mn",89.2,92.09024598
"duncan ok",77.6,83.32370584
"dundalk md",77.1,88.75068212
"dunkirk ny",67.1,73.94714797
"dunn nc",47.5,53.80600261
"duquoin il",85.4,89.53163772
"durango co",79.5,81.66211751
"durant ok",69.6,77.47435235
"durham nc",38.3,42.3861844
"dyersburg tn",68.6,74.98854
"east liverpool oh",90.1,92.35999694
"easton md",69.5,70.41339255
"easton pa",53.9,73.49503103
"eau claire wi",89.6,92.87566446
"eden nc",62.6,74.29595172
"edgewood ky",97.5,96.77659574
"edinburg tx",7.7,9.846280821
"edmond ok",77.7,85.05306302
"edmonds wa",78.3,86.07364292
"edwardsville il",82.3,87.10623052
"effingham il",94.3,97.29489664
"el cajon ca",56.2,64.49735952
"el centro ca",11.1,18.07056958
"el dorado ar",44.3,53.13980492
"el dorado ks",89.7,92.79256863
"el paso tx",14.5,18.34822997
"elizabeth city nc",37.6,39.63811962
"elizabethton tn",90.9,94.70535447
"elizabethtown ky",75.7,84.99689469
"elk city ok",77.5,86.09895338
"elkhart in",58.4,66.80610711
"elkins wv",92.2,96.5301479
"elko nv",62.8,73.30620062
"elkton md",71.9,84.20079038
"ellensburg wa",79.4,85.13688854
"ellwood city pa",95.7,97.83609576
"elmira ny",74.9,80.80801551
"elwood in",94.8,97.47355448
"elyria oh",73.8,79.9724769
"emporia ks",64.9,71.12107623
"enid ok",75,85.25666915
"ennis tx",45.9,51.06263634
"enterprise al",65.8,69.37387855
"erie pa",70.9,78.68044776
"escanaba mi",92.1,95.2891933
"escondido ca",40,51.89092461
"estherville ia",83.3,92.578125
"eugene or",79.7,85.9818845
"eureka ca",72.7,78.64360073
"evansville in",80.7,85.59326216
"everett wa",65.5,77.90748513
"fairbanks ak",56.5,64.20725251
"fairfield ca",33.2,48.96545988
"fairfield ia",76,92.52287307
"fairmont mn",91.6,95.16943705
"fairmont wv",88.3,89.49049589
"fall river ma",80.2,89.48856838
"fallon nv",72.4,76.47292994
"fargo nd",86.9,93.44474001
"faribault mn",75,84.96973773
"farmington nm",49.8,62.83690942
"fayetteville ar",78.8,84.0164005
"fayetteville nc",39.9,46.6214932
"fergus falls mn",94.2,96.40709673
"findlay oh",85.8,91.77765802
"fitchburg ma",65.8,75.22377372
"flagstaff az",63.1,69.49748554
"flint mi",37.1,40.03425562
"florence al",74.8,77.71894992
"florence sc",50.1,52.71092304
"fond du lac wi",86.3,92.18775916
"forest city nc",59,65.37289707
"forrest city ar",26.7,29.57899012
"fort atkinson wi",83.4,93.8301351
"fort collins co",81.3,85.44651586
"fort dodge ia",85.8,91.12030554
"fort lauderdale fl",49.3,57.46635432
"fort madison ia",86.7,89.86467569
"fort morgan co",48.3,58.70944354
"fort myers fl",47.9,49.16196482
"fort payne al",66.9,80.80847117
"fort pierce fl",41.5,41.35835377
"fort scott ks",89.6,90.55080149
"fort smith ar",62.1,74.04694274
"fort walton beach fl",74,76.47323887
"fort wayne in",68.9,73.09103812
"fort worth tx",40.7,45.81424142
"fostoria oh",80.4,83.84896992
"framingham ma",66.3,75.16514721
"frankfort in",70.8,85.19385428
"frankfort ky",73.6,81.12541004
"franklin in",92.3,95.97698197
"franklin la",35.8,47.09121379
"franklin pa",94.6,90.27149321
"frederick md",54.9,74.98626035
"fredericksburg va",59.8,71.36780953
"freeport il",73.6,80.92500851
"fremont ca",23.8,41.36854577
"fremont ne",83.3,93.62834671
"fremont oh",70,77.16258993
"fresno ca",28.1,37.29036693
"fulton mo",81.7,80.64808707
"gadsden al",55,61.61424393
"gainesville fl",56.7,64.07325531
"gainesville ga",37.7,47.76761279
"gainesville tx",62.4,73.6838718
"galesburg il",76.1,82.14561206
"galion oh",96.2,97.61925756
"gallup nm",23.8,26.89890643
"galveston tx",45.3,44.15427883
"garden city ks",40.1,49.80141296
"gardner ma",85.5,90.9099663
"gary in",10.7,10.06170557
"gastonia nc",57.5,67.3159618
"geneva il",92,94.47091981
"geneva ny",70.2,78.29918484
"gettysburg pa",75.8,82.88384513
"gillette wy",85.4,93.4032373
"gilroy ca",29.9,38.02575728
"glasgow ky",84.7,88.27866964
"glendale ca",61.7,54.15980674
"glens falls ny",90.8,95.69457991
"glenwood springs co",71.1,83.75129266
"gloucester ma",94.5,96.18141578
"gloversville ny",90,94.44624667
"goldsboro nc",35.9,41.86665984
"goshen in",61.4,76.65997345
"grand forks nd",85.7,92.32172908
"grand haven mi",97.6,95.39756447
"grand island ne",65.8,81.4159292
"grand junction co",79.6,85.86433573
"grand rapids mi",59,62.45551062
"grants pass or",85.1,90.14911099
"grass valley ca",82.7,88.15235305
"great bend ks",74.5,83.65591398
"great falls mt",85.1,88.71405892
"greeley co",57.3,66.81918627
"green bay wi",72.1,83.20936733
"greencastle in",90.7,93.2388664
"greenfield in",93.6,97.3630137
"greensboro nc",44.4,53.64753384
"greensburg in",93.5,97.12475634
"greenville mi",94.6,94.56836799
"greenville ms",19.5,28.73441741
"greenville nc",52.8,60.61908856
"greenville oh",94.7,96.68271401
"greenville pa",96.1,96.0815047
"greenville sc",62.4,60.56390843
"greenville tx",58.6,64.26126878
"greenwich ct",70.4,NULL
"greenwood ms",29.1,32.60786974
"greenwood sc",43,46.79443614
"grenada ms",42.1,49.04899523
"griffin ga",40.9,46.18139951
"grove ok",83.4,81.71896317
"guthrie ok",69,74.48866499
"guymon ok",37.8,57.973644
"hackensack nj",30.5,39.86456405
"hagerstown md",68.7,85.16368196
"hamilton oh",82.4,87.96506838
"hammond la",46.6,51.60723397
"hanford ca",40.2,49.88245454
"hannibal mo",86.9,89.98141578
"hanover pa",86.5,95.71379429
"harlingen tx",17.8,25.03300674
"harrisburg il",87.9,89.93914807
"harrisburg pa",25.2,28.57609806
"harrison ar",91,96.39565504
"harrisonburg va",69,80.10279727
"hartford city in",95.9,98.00808314
"hartford ct",15.4,17.82970603
"hastings ne",85.6,90.55019947
"hattiesburg ms",40.6,49.26416401
"haverhill ma",75.9,86.33688887
"havre mt",85.5,86.55025465
"hays ks",89.9,94.36366362
"hayward ca",17.4,29.20517032
"hazleton pa",45.2,93.19302156
"helena ar",22.8,30.38114819
"helena mt",91,93.83630721
"hemet ca",46,70.30027885
"henderson ky",81.7,86.66569247
"henderson nc",25.9,34.55731594
"henderson nv",68,78.21485794
"henderson tx",52.8,64.71214406
"hendersonville nc",70.3,76.36276392
"henryetta ok",68.9,78.90419948
"hereford tx",21.9,36.15811468
"herkimer ny",92,95.37209923
"hernando ms",83.5,74.19260129
"hibbing mn",94.2,96.89531955
"hickory nc",68.1,73.19595938
"high point nc",47.8,58.45361665
"hillsboro oh",87.9,90.15389447
"hillsdale mi",92.6,95.57876837
"hilo hi",15.6,15.92531711
"hilton head island sc",76.5,79.00301223
"hobbs nm",35.8,48.94790104
"holdenville ok",58.9,74.11242604
"holland mi",65.3,70.02682036
"hollister ca",25.9,38.49126783
"hope ar",31.7,41.75772419
"hopewell va",51.1,61.08526438
"hopkinsville ky",61.4,65.25972947
"hornell ny",93,94.88856858
"hot springs ar",69,76.4951049
"houghton mi",82,88.7446505
"houma la",62.1,66.58537338
"houston tx",25.5,30.80679002
"howell mi",91.4,94.69237435
"hudson ny",55.9,61.74906964
"hugo ok",54.4,58.76083815
"huntingdon pa",94.4,95.93813241
"huntington in",93.1,97.13467049
"huntington wv",85.5,89.10733366
"huntsville al",58.8,63.41520453
"huntsville tx",50.7,55.25970694
"huron sd",75.5,95.28293954
"hutchinson ks",80.4,85.3629833
"idaho falls id",82.9,89.355411
"independence ks",72.6,84.94820232
"independence mo",78.9,90.07132265
"indiana pa",88.3,90.80899631
"indianapolis in",57.2,67.48884086
"international falls mn",93.7,94.80829479
"iola ks",88.4,92.85940971
"ionia mi",72.3,69.33484719
"iowa city ia",77.2,85.83252973
"iron mountain mi",95.4,97.00760363
"ironton oh",89.9,93.07822674
"ironwood mi",96.8,96.82186556
"ithaca ny",64.9,71.33881927
"jackson mi",66.9,72.15552374
"jackson ms",17.4,27.50466742
"jackson tn",46.8,54.18406183
"jacksonville ar",53.5,67.20149753
"jacksonville fl",53.7,62.18969926
"jacksonville il",82.4,89.59345301
"jacksonville nc",57.2,60.83039796
"jacksonville tx",37.9,53.5333141
"jamestown nd",92,96.11000193
"jamestown ny",82.3,88.98518752
"janesville wi",87.9,93.85189418
"jasper al",76.1,83.53970965
"jasper in",92.3,95.50413223
"jefferson city mo",73.8,80.72711676
"jeffersonville in",76.4,81.50354506
"jennings la",71.1,69.87074458
"jersey city nj",21.5,23.63458374
"johnson city tn",84.3,88.97582433
"johnstown pa",77.3,85.40533757
"joliet il",50.9,61.01524181
"jonesboro ar",71.5,84.23669279
"joplin mo",85.3,90.22943038
"junction city ks",55.1,55.82442021
"juneau ak",66,73.25713914
"kalamazoo mi",64.7,69.46529263
"kalispell mt",93.3,94.94480771
"kankakee il",40.3,47.76108545
"kansas city ks",39.5,48.93576457
"kansas city mo",55.3,57.63195144
"kearney ne",87.1,93.05165688
"keene nh",92.5,97.13247352
"kenai ak",76.7,80.69720542
"kendallville in",92.1,95.21630616
"kennett mo",80.8,83.19715808
"kennewick wa",66.8,78.10871592
"kenosha wi",68.3,79.34080043
"kent wa",47.1,67.85875962
"kenton oh",94.6,96.61708253
"keokuk ia",88,92.26393629
"kerrville tx",65,72.7246022
"ketchikan ak",56,65.60212068
"kewanee il",78.3,88.41934487
"key west fl",65.3,71.41455373
"keyser wv",83.9,90.02451443
"kilgore tx",65.3,74.8252367
"killeen tx",32.7,39.77632291
"kingman az",78.2,85.30071254
"kingsport tn",90,92.66896782
"kingston ny",61.2,77.06343793
"kinston nc",27.7,34.99662276
"kirksville mo",88.8,93.51895456
"klamath falls or",75.8,81.1992601
"knoxville tn",73.1,78.97866467
"kodiak ak",34.6,43.7164509
"kokomo in",82.7,83.82668662
"la grande or",89,91.76604202
"la junta co",44.8,52.60306554
"laconia nh",95.3,96.13673755
"lady lake fl",84.9,93.98038553
"lafayette in",75.6,84.92650318
"lafayette la",60.5,67.13405952
"lake charles la",43.8,49.52826902
"lake city fl",50.8,57.28456914
"lake geneva wi",79,82.65249021
"lake havasu city az",81.4,89.53693548
"lakeland fl",61.6,69.53933615
"lamar co",59.3,61.13428797
"lancaster oh",93.9,96.84448847
"lancaster pa",41.3,51.81372897
"lander wy",83.7,88.87432649
"lanett al",31.9,44.96644295
"lansdale pa",70.1,83.58534005
"lansing mi",55.6,61.36676516
"laporte in",84,NULL
"laramie wy",82.4,86.77032789
"laredo tx",3.7,5.035225625
"las cruces nm",36,42.02135538
"las vegas nm",17.9,13.47064882
"las vegas nv",45.9,58.04436976
"lasalle il",86,88.99550837
"latrobe pa",96.8,98.48788081
"laurel ms",30.1,40.30337628
"laurinburg nc",41,50.10079375
"lawrence ks",77.4,82.11690679
"lawrence ma",17,34.1032439
"lawton ok",52.4,57.79078668
"le mars ia",91.6,95.81032803
"leavenworth ks",69.5,74.05420666
"lebanon in",93.5,96.77260582
"lebanon mo",92.5,94.89921843
"lebanon pa",54,78.88884347
"lebanon tn",77.5,81.80380529
"leesburg fl",56.9,64.33316621
"leesville la",50.5,53.60580483
"lehighton pa",93.8,97.83276142
"lenoir nc",75.7,79.22944084
"levittown pa",88.3,93.14012526
"lewisburg pa",85.4,90.35587189
"lewiston id",92.3,94.06225731
"lewiston me",87.1,94.9733819
"lewistown pa",91.3,NULL
"lexington ky",72.4,79.14184375
"lexington ma",70.5,85.06671059
"lexington nc",50.9,54.80880068
"liberal ks",32.2,47.5592393
"lihue hi",24.8,21.46633768
"lima oh",64.3,68.38152741
"lincoln il",82.7,94.1245364
"lincoln ne",81.7,87.81191678
"linton in",97.2,97.50606166
"litchfield il",97.3,97.71093177
"livingston mt",93.7,95.08101007
"lock haven pa",91.7,95.5732867
"lockport ny",85.2,89.8514296
"lodi ca",52.2,63.50988614
"logan oh",96.1,97.50894988
"logan ut",76.2,85.44176236
"logansport in",67.9,83.52977037
"lompoc ca",33.3,47.91864341
"london oh",86.6,89.62490024
"long beach ca",28.1,33.12929828
"longmont co",67.2,76.7994036
"longview tx",55.3,65.48320244
"longview wa",81.9,87.21581073
"lorain oh",54.5,61.0834353
"los alamos nm",72.6,80.77084558
"los angeles ca",28.4,29.74943299
"louisville ky",67.6,61.9171763
"loveland co",84.9,88.62828011
"lovington nm",24.6,43.29004329
"lowell ma",49.5,62.52912035
"lubbock tx",53.7,61.29863102
"ludington mi",90.4,92.50927366
"lufkin tx",43.8,53.70693081
"lumberton nc",38.5,46.84779995
"lynchburg va",62.9,66.0466684
"lynn ma",41.2,62.47052218
"macomb il",83.5,87.51481841
"macon mo",89.5,92.1271217
"madera ca",14.5,25.13250168
"madison in",90.2,93.95201599
"madison sd",91.5,96.72782875
"madison wi",74.6,81.9542042
"madisonville ky",80,85.53374424
"magnolia ar",52,57.69939215
"malden ma",47,69.63081292
"malone ny",93.2,97.05349794
"malvern ar",62.2,67.64216827
"manassas va",44.6,66.32702433
"manchester nh",80,89.32302862
"manhattan ks",78.3,85.38288238
"manistee mi",90,93.88095961
"manitowoc wi",86.9,91.77752327
"mankato mn",86.5,91.49782589
"mansfield oh",72,76.08924736
"manteca ca",43.4,64.06269032
"marianna fl",52.7,55.68218299
"marietta ga",46.2,48.58718595
"marietta oh",93.6,95.74922494
"marinette wi",92.8,96.808239
"marion il",86.2,92.04864359
"marion in",75.5,77.84482759
"marion nc",73.9,80.35605907
"marion oh",84.1,89.63701229
"marquette mi",88.8,94.49671939
"marshall mi",87.9,94.1949323
"marshall mn",80.9,88.65331763
"marshall mo",74.7,82.91643208
"marshall tx",40.9,51.40589095
"marshalltown ia",64.2,83.64027837
"marshfield wi",92,96.58510638
"martins ferry oh",88.4,92.72073069
"martinsburg wv",73.5,82.42719744
"martinsville in",95.6,97.96546418
"martinsville va",47.4,54.07368967
"marysville ca",60.2,65.77274209
"marysville oh",89,90.69752854
"maryville mo",91,95.18003969
"maryville tn",90.7,92.83304498
"mason city ia",90.7,93.36692719
"massillon oh",87.2,87.54030327
"mattoon il",94.5,95.82854956
"mayfield ky",67.8,78.43269881
"maysville ky",83.4,85.62215056
"mcalester ok",66,73.59838048
"mcallen tx",11.7,16.84364839
"mccomb ms",27,39.91152433
"mccook ne",91.5,96.10958219
"mckeesport pa",59.6,71.70549085
"mckinney tx",62.6,71.46351781
"mclean va",72.6,81.34552647
"mcpherson ks",90.5,93.68191721
"meadville pa",88.2,91.3116551
"medford or",79.2,85.97871869
"medina ny",83.8,86.09508963
"medina oh",90.6,93.90588329
"melbourne fl",74.4,80.69261158
"melville ny",82.1,87.46301521
"memphis tn",27.3,33.2524227
"menominee mi",95,96.67068229
"merced ca",30.1,37.75217942
"meriden ct",61.4,69.89389465
"meridian ms",33.8,43.49229384
"merrifield va",42.3,47.80662489
"mesa az",64,73.20845159
"mexia tx",37.5,49.74859058
"mexico mo",85.4,88.26855124
"miami fl",11.4,11.83463459
"miami ok",66.3,74.28488033
"michigan city in",61.2,67.80851064
"middletown ct",70,77.45500035
"middletown ny",34.9,56.81030408
"middletown oh",78,86.53812615
"midland mi",88.2,92.15785055
"midland tx",47.9,60.63728999
"miles city mt",92.8,95.734653
"milford ct",85.4,91.21832628
"milford ma",80,89.98761865
"milledgeville ga",48.6,49.13898811
"milton pa",91.4,93.92481203
"milwaukee wi",36.3,45.39376924
"minden la",42.2,46.16565595
"mineral wells tx",64.3,69.83949015
"minneapolis mn",60.3,62.48529865
"minot nd",86.2,92.42759865
"missoula mt",88.9,92.62089636
"mitchell sd",91.2,95.33589779
"moberly mo",84.5,89.53537045
"mobile al",43.8,49.75240681
"modesto ca",47.6,59.55119244
"moline il",74.4,82.32041674
"monessen pa",82.1,83.0891683
"monett mo",74.6,86.38453218
"monmouth il",76.1,90.84442638
"monroe ga",52.3,53.85289734
"monroe la",31.8,36.37750202
"monroe mi",85.9,89.45461134
"monroe nc",44.6,49.55772457
"monroe wi",92,96.993452
"montclair nj",83.1,57.13112861
"monterey ca",67,74.96798544
"montgomery al",34,47.06501032
"monticello in",85.5,86.92993185
"montrose co",74.6,80.01458198
"morgan city la",63.6,69.3851846
"morganton nc",67.2,72.6169844
"morgantown wv",85.1,88.55235182
"morris il",85.7,91.40677398
"morristown tn",69.4,79.93991588
"moscow id",87.7,91.00558922
"moses lake wa",63,68.97612519
"moultrie ga",37.3,43.69917286
"moundsville wv",95.5,97.08941788
"mount airy nc",79.7,82.28429986
"mount carmel il",94.3,97.16862942
"mount pleasant ia",81.9,89.55547937
"mount pleasant mi",83.8,87.95960842
"mount pleasant tx",29.2,41.63616792
"mount vernon il",78.4,83.5269531
"mount vernon oh",94.9,96.12521739
"mount vernon wa",57.7,68.42787435
"mountain home ar",94.6,96.91245914
"mt. clemens mi",66.1,NULL
"muncie in",82.1,84.99629245
"munster in",77.1,88.78248338
"murfreesboro tn",71.3,78.41635666
"murray ky",82.9,87.4180602
"muscatine ia",76,85.0068291
"muskegon mi",54.3,57.92544571
"muskogee ok",53.8,59.99216915
"myrtle beach sc",69.9,79.15989279
"nacogdoches tx",48.7,61.92418266
"nampa id",72.1,78.19037153
"napa ca",54.7,68.24550527
"naperville il",67.9,82.8822512
"naples fl",88.8,90.8085431
"napoleon oh",89.1,91.46812621
"nashua nh",75.5,86.49269673
"natchez ms",37.5,43.91247834
"natchitoches la",37.3,43.23537643
"naugatuck ct",77.1,88.87347123
"nebraska city ne",82.4,93.94023243
"neosho mo",81.1,89.82389338
"nevada mo",90.3,95.12025096
"new albany in",83.8,89.41307874
"new bedford ma",65.9,75.20689361
"new bern nc",54,54.84693878
"new braunfels tx",59.4,62.45684222
"new britain ct",44.6,58.82607845
"new castle in",92.6,95.73115861
"new castle pa",80.9,86.39248926
"new haven ct",31.3,35.57423196
"new iberia la",49.5,56.30383472
"new london ct",47.4,56.07105294
"new orleans la",30.8,26.58921254
"new philadelphia oh",88.6,96.06003752
"new smyrna beach fl",88.3,90.48782921
"new ulm mn",96.3,97.49154039
"new york ny",32.5,34.97964232
"newark nj",10.7,14.23892142
"newark oh",91,93.58888481
"newburyport ma",93.7,97.4634941
"newnan ga",52.7,51.39145425
"newport ar",65,65.95826399
"newport news va",45.2,51.97002498
"newport ri",77.6,81.67327668
"newport tn",91,91.24551229
"newton ia",95,96.78413249
"newton ks",77.2,82.28621291
"newton nc",65.9,73.40764331
"niagara falls ny",68.9,75.26667026
"niagra falls ny",68.9,75.26667026
"niles mi",80,80.15404785
"noblesville in",86.7,95.66281917
"norfolk ne",80.6,88.59499915
"norfolk va",44.1,47.0220091
"norman ok",75.2,80.31015529
"norristown pa",33.4,49.35745796
"north adams ma",91.6,93.99904639
"north platte ne",87.6,90.98333194
"north tonawanda ny",94.4,97.08977211
"northampton ma",80.8,87.76658154
"norwalk ct",55,64.28373377
"norwalk oh",87.2,92.86242148
"norwich ct",59.2,80.44411219
"norwich ny",92.7,96.13868117
"norwood ma",81.8,89.57218316
"novato ca",68.5,76.28805375
"oak ridge tn",79.6,85.86920802
"oakland ca",26.9,23.51858898
"ocala fl",60.2,69.61234573
"odessa tx",38,50.77795982
"oelwein ia",92.8,95.75612672
"ogden ut",63.3,70.20433533
"ogdensburg ny",84.9,82.23875768
"oil city pa",95.3,97.34005563
"okeechobee fl",62.6,71.31696429
"oklahoma city ok",55.2,64.65210657
"okmulgee ok",51,58.27829826
"olathe ks",76.6,86.22555453
"olean ny",90.7,92.59790187
"olney il",95.1,97.12663654
"olympia wa",79.3,83.13261514
"omaha ne",67.6,75.35146805
"oneida ny",92.7,95.65850551
"oneonta ny",85.1,89.55762865
"ontario ca",16.6,26.61147924
"ontario or",55.8,62.13928084
"opelika al",52.4,54.45995404
"opelousas la",20.2,29.05511811
"orange park fl",71.5,80.32155049
"orange tx",58,58.51526042
"orangeburg sc",17.2,29.43987466
"orlando fl",39.1,50.79402638
"oroville ca",65,73.51584128
"oshkosh wi",89,91.78746265
"oskaloosa ia",92.3,95.15450722
"oswego ny",90.7,94.06260443
"ottawa il",84.4,91.52783088
"ottawa ks",88.8,90.5712608
"ottumwa ia",81.7,94.06352508
"owatonna mn",85.7,91.8427387
"owensboro ky",85.2,90.06787874
"owosso mi",92,95.10596322
"oxford ms",71.7,74.5151412
"oxnard ca",13.9,20.57373296
"paducah ky",72.9,72.13289239
"palatka fl",40.7,47.46337088
"palestine tx",49.3,58.48391863
"palm beach fl",94.7,93.781047
"palm springs ca",61.4,66.51715841
"palmdale ca",22.4,40.99682866
"palo alto ca",56.7,72.83866344
"pampa tx",65,79.21954492
"panama city fl",64.7,72.26570009
"paragould ar",93.6,97.06136168
"paris il",97.1,97.84069627
"paris tn",74.2,76.49288129
"paris tx",66.2,70.78538883
"park hills mo",97,97.2140949
"parkersburg wv",94.2,95.8034986
"parsons ks",81.6,83.27253778
"pasadena tx",29.7,47.23731948
"pascagoula ms",55.3,65.20610687
"paso robles ca",54,64.20545746
"pauls valley ok",65.2,75.68734015
"pawcatuck ct",85.5,92.7475338
"pawtucket ri",52.2,69.13018449
"pecos tx",21.4,17.26134091
"pekin il",93.9,94.77508344
"pendleton or",80.8,87.11630182
"pensacola fl",61.9,63.68145054
"peoria il",58.4,68.30240136
"perry ga",52.8,58.77942095
"perry ok",86.6,88.87189293
"peru in",86.9,92.13483146
"petersburg va",15.6,18.17131002
"petoskey mi",90.4,93.56907895
"philadelphia pa",35.8,42.46285131
"phoenix az",45,55.77735808
"phoenixville pa",77.8,85.5220449
"picayune ms",61.6,61.42382534
"pierre sd",81.4,88.33237244
"pine bluff ar",20.2,31.96696015
"pinole ca",33.5,48.4216608
"piqua oh",90,93.76506896
"pittsburg ks",83.3,88.29704308
"pittsburgh pa",64.5,66.94763019
"pittsfield ma",85.2,91.61007141
"plainview tx",33.3,42.89040115
"plano tx",56.2,72.75728505
"plattsburgh ny",86.7,92.12372449
"pleasanton ca",56.4,75.80513401
"pleasantville nj",17.6,17.89396171
"plymouth in",70.9,82.83536585
"pocatello id",85.4,90.35479734
"ponca city ok",74.3,82.46460126
"pontiac il",82.2,83.48786244
"pontiac mi",26.6,34.48301853
"poplar bluff mo",83.5,86.38520209
"port angeles wa",85.3,90.07990433
"port arthur tx",22.1,31.83620466
"port clinton oh",84.1,89.90768268
"port huron mi",80.8,84.50120601
"port jervis ny",71.1,85.65462754
"portage wi",86.9,90.69695724
"portales nm",48.5,56.6256401
"porterville ca",26.9,42.02700997
"portland in",90.6,95.23069753
"portland me",83,90.58662392
"portland or",71.6,75.47441889
"portsmouth nh",87.2,92.68187067
"portsmouth oh",90.4,90.9990913
"post falls id",91,94.46860324
"poteau ok",67.9,78.34739892
"pottstown pa",68.6,77.45093554
"pottsville pa",88.3,95.14438228
"poughkeepsie ny",36.9,49.23169629
"pratt ks",87.8,93.80517504
"prescott az",86.9,88.22264129
"princeton in",87.6,90.66666667
"providence ri",35.9,45.76196017
"provo ut",75.2,83.97295704
"pryor ok",66.2,76.70631713
"pueblo co",43.1,51.11779164
"pulaski va",88.8,88.60973293
"punxsutawney pa",95.1,98.11832244
"quincy il",89.4,92.48377347
"quincy ma",63,78.36410111
"racine wi",51.9,63.48054487
"raleigh nc",53.3,60.2644761
"rapid city sd",77.2,83.24693408
"ravenna oh",90,92.37108147
"rawlins wy",69.9,74.57249941
"reading pa",25.9,48.07221052
"red bluff ca",73.3,80.15516848
"red wing mn",89.1,93.82601142
"redding ca",79.1,85.6897298
"redlands ca",53.1,63.31870862
"reidsville nc",53.8,56.06489472
"reno nv",61.4,69.18772163
"rensselaer in",93.1,96.20324896
"rexburg id",90.6,93.77643855
"rhinelander wi",93.1,96.49644473
"richmond in",82.5,85.85011757
"richmond ky",85.4,87.53314673
"richmond mo",89.8,93.67233486
"richmond va",39.9,37.66924516
"ridgecrest ca",65.9,76.49135476
"riverside ca",31.8,45.56014516
"riverton wy",77,83.09344791
"roanoke rapids nc",62,71.56336616
"roanoke va",60.7,68.75493884
"robinson il",81.6,94.9135151
"rochester in",94.2,95.50982226
"rochester mn",77.6,85.84015104
"rochester ny",36.5,44.31618079
"rock hill sc",51,57.56656285
"rock springs wy",76.9,86.80243746
"rockford il",55.5,68.39956034
"rockingham nc",59.6,64.5471464
"rocky mount nc",29.5,40.34136654
"rolla mo",82.8,88.34239629
"rome ga",52.4,59.18810749
"rome ny",85,85.47067239
"roseburg or",88,91.4822401
"rosenberg tx",25.6,35.41571351
"roswell nm",38.7,50.91956815
"royal oak mi",88.8,93.9379308
"rushville in",93,96.18015013
"russellville ar",75.5,88.41314078
"ruston la",50.2,56.41487394
"rutland vt",95.5,97.13162156
"sacramento ca",33.5,40.53235975
"saginaw mi",37.7,42.67382967
"saint augustine fl",81.1,NULL
"salamanca ny",67.1,83.87731671
"salem ma",73.7,82.35454253
"salem oh",95,97.93391818
"salem or",68.3,77.65694838
"salida co",81.5,86.35537791
"salina ks",79.2,85.44626634
"salinas ca",14.8,24.18575401
"salisbury md",50.5,59.43225372
"salisbury nc",49.3,55.36240647
"salt lake city ut",65.4,70.63655822
"san angelo tx",52.3,59.85368446
"san antonio tx",26,31.83141338
"san bernardino ca",17.1,28.92648907
"san clemente ca",73.1,78.41036527
"san diego ca",43.2,49.36177865
"san francisco ca",41.2,43.63262537
"san jose ca",27,36.0396137
"san luis obispo ca",72.4,78.67976638
"san marcos tx",50.6,55.17807273
"san mateo ca",45.2,56.50829351
"sanatoga pa",84.4,84.66511508
"sandpoint id",92.8,94.61594733
"sandusky oh",66.8,72.96724609
"sanford fl",45.2,54.61074404
"sanford nc",48.1,49.57364341
"santa ana ca",9.2,12.42214707
"santa barbara ca",53.8,58.32548064
"santa clarita ca",51,69.26162237
"santa cruz ca",64.2,71.99457806
"santa fe nm",40.1,47.10383744
"santa maria ca",20.5,31.95691203
"santa monica ca",67,71.9304505
"santa rosa ca",57.1,70.85673634
"sapulpa ok",74.2,79.9853908
"saranac lake ny",95.8,96.17139456
"sarasota fl",65.2,69.78279427
"saratoga springs ny",88.8,92.61437409
"sault ste. marie mi",73.8,73.15923105
"savannah ga",36.8,37.94616379
"sayre pa",97.8,96.40461036
"schenectady ny",54.9,74.51998512
"scottsbluff ne",63.4,71.59923975
"scottsboro al",87.5,90.27909497
"scranton pa",76.8,92.27507688
"searcy ar",85.4,89.3543956
"seattle wa",65.9,67.90018709
"sebring fl",64.2,71.18030413
"sedalia mo",81.4,87.10851074
"seguin tx",37.4,36.19553859
"selma al",18,28.64177067
"seminole ok",63.5,72.27134367
"seneca sc",62.5,62.51960272
"sevierville tn",79,94.94769074
"seymour in",82.9,91.75183692
"shamokin pa",96.8,98.36434012
"sharon pa",76.5,85.91376776
"shawano wi",82.9,88.52735599
"shawnee ok",70.3,75.77722013
"sheboygan wi",75.3,85.03110726
"shelby nc",53.4,56.39985624
"shelbyville in",86.4,94.4014261
"shelbyville tn",62.7,68.64948774
"shenandoah ia",87.5,96.03317706
"sheridan wy",90.3,94.44444444
"sherman tx",61.8,72.64409099
"shreveport la",38.9,45.89522596
"sidney ne",89.9,92.10442534
"sidney oh",87.6,91.75201623
"sierra vista az",57.1,65.44010589
"sikeston mo",68.4,75.04708098
"silver city nm",40,44.5045045
"simi valley ca",61.3,72.66032636
"sioux city ia",71.5,80.60061402
"sioux falls sd",83.2,90.90784432
"sitka ak",62.7,67.08545557
"slidell la",73.3,81.22591944
"snyder tx",51.6,62.4316053
"somerset ky",90.7,93.44608879
"somerset nj",39.4,39.35329861
"somerset pa",96.1,97.44158533
"somerville nj",53.5,60.62947758
"south bend in",54.2,63.2736179
"south lake tahoe ca",56.5,63.60286331
"southbridge ma",62.6,71.78909769
"sparks nv",59.1,69.51737859
"spartanburg sc",46.3,46.46232954
"spearfish sd",91.7,94.36439693
"spencer ia",93.8,96.60687461
"spokane wa",82.6,87.87960885
"springdale ar",50.1,74.07747063
"springfield il",72.4,80.31115976
"springfield ma",34.2,48.84930498
"springfield mo",86.1,90.47367727
"springfield oh",73.7,77.51614186
"st. albans vt",90.7,95.17647059
"st. charles il",84.5,90.3785489
"st. cloud mn",82.4,91.11780331
"st. george ut",80.7,89.03006262
"st. johnsbury vt",91.5,95.28406393
"st. joseph mi",89.4,89.64614859
"st. joseph mo",82.9,90.2027301
"st. louis mo",43.1,42.88733992
"st. marys oh",95.4,97.17094222
"st. marys pa",97.4,98.60019308
"st. paul mn",54.2,64.04226348
"st. petersburg fl",63,68.6438493
"stamford ct",50,61.16173996
"starkville ms",59.1,64.04042252
"state college pa",78.9,82.93076523
"statesboro ga",50,55.38373425
"statesville nc",49.5,57.37993139
"staunton va",81.6,82.70657779
"steamboat springs co",88.5,94.73255222
"stephenville tx",78,85.02111119
"sterling co",73,83.30105634
"sterling il",71.6,76.68112096
"steubenville oh",79,78.9534578
"stevens point wi",88.7,91.56042524
"stillwater mn",90.4,96.97550023
"stillwater ok",73.9,81.26199923
"stockton ca",21.6,32.21835247
"strasburg va",90.6,92.7806821
"streator il",84.1,89.87315011
"stroudsburg pa",64.5,82.87004864
"stuart fl",71.1,79.67607463
"sturgis mi",74.7,83.50908285
"stuttgart ar",56.5,63.58132376
"suffolk va",50.2,53.3002497
"sulphur la",89.8,92.41419657
"sulphur springs tx",65.8,75.80922273
"sumter sc",45.5,48.68450925
"sun city az",93,97.67939649
"sunbury pa",89.4,94.38265787
"sunnyside wa",13.8,24.83998562
"superior wi",91.2,93.8212511
"sweetwater tx",52,61.45422689
"syracuse ny",51.2,62.40614775
"tacoma wa",59.9,66.49031805
"taft ca",53.3,79.078125
"tahlequah ok",48,56.97883525
"talladega al",46,55.86739748
"tallahassee fl",51.5,57.79092309
"tampa fl",46.1,51.03757823
"tarboro nc",45.8,54.05817921
"taunton ma",84,89.80991854
"taylor tx",41.6,50.54880295
"taylorville il",98.2,97.330883
"temecula ca",55.7,69.31700049
"tempe az",59.6,69.67186761
"temple tx",54.3,62.69215247
"terre haute in",81.3,85.32727212
"terrell tx",46.5,48.44186388
"texarkana tx",52,58.13351734
"texas city tx",43.2,50.10476626
"the dalles or",76.4,84.49325436
"the villages fl",96.9,97.20388816
"thibodaux la",62.2,63.5021828
"thomasville ga",42,42.26957384
"thousand oaks ca",68.1,77.65651041
"three rivers mi",78.7,83.51528384
"tiffin oh",91.2,94.95450786
"tifton ga",51.1,58.77822045
"tipton in",95.2,97.06722529
"titusville pa",94.3,96.85974618
"toledo oh",60.7,67.80775399
"toms river nj",83.5,90.13055012
"topeka ks",69.2,75.07047893
"torrance ca",41.1,52.36396851
"torrington ct",84.4,91.47207545
"tracy ca",34.7,53.96722233
"traverse city mi",92.7,94.98348472
"trenton mo",93.1,96.02638353
"trenton nj",13.4,24.61506036
"trinidad co",43.2,48.39171624
"troy al",53.4,58.19878005
"troy ny",66.5,78.72889974
"troy oh",88.2,91.07686713
"tucson az",45.8,54.19119415
"tulare ca",33.3,43.81506569
"tulsa ok",56.3,67.11173416
"tupelo ms",55.1,68.69135658
"turlock ca",49.9,60.41390432
"tuscaloosa al",50.2,53.48368547
"twin falls id",79.5,87.61205721
"tyler tx",48.5,55.5720263
"tyrone pa",98.3,98.46237337
"ukiah ca",60.9,72.40110989
"union city tn",68.9,73.90584774
"union sc",50.4,56.10144433
"uniontown pa",78.4,NULL
"upper sandusky oh",95.3,96.02020511
"urbana oh",88.5,90.46757944
"utica ny",59.8,76.48513627
"vacaville ca",54.6,63.222567
"vail co",93,89.73736482
"valdosta ga",40,46.74778154
"vallejo ca",25,30.43251113
"valley city nd",91.7,96.7330794
"valparaiso in",85,92.13577366
"van wert oh",91.5,95.01403181
"vancouver wa",73.1,82.1663416
"ventura ca",58.2,68.08632922
"vernon tx",54.2,65.96054889
"vero beach fl",85.3,88.64727478
"vicksburg ms",27.6,37.38781384
"victoria tx",40.7,47.71545963
"victorville ca",24.1,47.45037405
"vincennes in",89.6,93.92011122
"vineland nj",46.6,54.80975991
"vinita ok",61.5,66.7645241
"vinton ia",98.2,97.66758134
"visalia ca",43.1,54.89979796
"wabash in",95.5,95.83581708
"waco tx",43.8,51.0841848
"wahpeton nd",89.8,94.82879106
"wailuku hi",17.8,16.71275211
"wakefield ma",91.3,96.36348976
"walla walla wa",67.5,75.65182241
"walnut creek ca",71,80.61776782
"waltham ma",66.9,78.37098572
"wapakoneta oh",94.7,97.56174794
"warner robins ga",48.6,60.52372756
"warren oh",64.4,71.36146225
"warren pa",96,98.24544303
"warrensburg mo",81.2,85.47123623
"warsaw in",82.2,87.16069271
"washington court house oh",92.8,NULL
"washington dc",35.6,27.82545157
"washington ia",86.1,93.50078047
"washington in",83.9,93.67311072
"washington nc",46.7,50.48523427
"washington pa",78.8,81.47105056
"waterbury ct",40.6,58.17602148
"waterloo ia",73,80.6129722
"watertown ny",79.8,87.76633589
"watertown sd",92.9,95.78494836
"watertown wi",90.4,NULL
"waterville me",89.8,95.20666453
"watseka il",89.2,95.18518519
"watsonville ca",14.3,19.36970518
"waukegan il",21.6,30.92797579
"waukesha wi",78.1,86.6810644
"wausau wi",78.8,85.36407641
"waxahachie tx",57.7,61.41603659
"waycross ga",38.9,43.80095219
"waynesboro pa",87.9,94.2895777
"waynesboro va",78.1,84.48770492
"waynesville mo",75.9,78.24351297
"weatherford ok",74.7,85.35348413
"weatherford tx",79.7,85.47894737
"webster city ia",87.8,94.7407045
"weirton wv",92.7,94.06202538
"wellington ks",83.4,88.51624841
"wenatchee wa",63,74.7235784
"west bend wi",92.7,96.18854788
"west chester pa",74.2,71.59733498
"west covina ca",13.5,22.95774648
"west frankfort il",94.7,98.01122499
"west hartford ct",74,82.85080753
"west memphis ar",33.3,41.79498301
"west palm beach fl",40.8,46.0044091
"west plains mo",91.7,94.82790355
"west point ms",37.9,42.52778921
"westchester county ny",71,NULL
"westerly ri",91.8,93.85816084
"westfield ma",85.4,92.0667798
"westminster md",81.6,90.33530572
"wheeling wv",89.9,92.26264362
"white plains ny",44.3,54.15339978
"whittier ca",25.3,37.61352772
"wichita falls tx",61.8,68.89065904
"wichita ks",63.5,71.72102102
"wilkes-barre pa",68.7,91.44308142
"williamsport pa",77.9,83.58626978
"willimantic ct",48.5,60.60165582
"williston nd",87,92.88682864
"willmar mn",70.7,81.6849218
"willoughby oh",90,95.9064586
"wilmington de",28.6,32.13695915
"wilmington nc",72.2,69.40979456
"wilmington oh",86.6,90.08472444
"wilson nc",39.7,43.86668168
"winchester ky",86.3,88.28031571
"winchester va",67.9,79.38944244
"winfield ks",78.8,85.77748648
"winnemucca nv",68.6,73.91971006
"winona mn",93.2,93.74561306
"winston-salem nc",46,52.43949703
"winter haven fl",57.6,69.08672179
"wisconsin rapids wi",91.8,93.27366423
"woburn ma",83,89.04396371
"woodbridge nj",42.2,68.42536457
"woodbury nj",60.5,70.72863103
"woodland ca",41.7,53.02842262
"woodland park nj",63.9,NULL
"woodward ok",77.3,89.65662701
"woonsocket ri",71.2,79.82370905
"wooster oh",88.4,91.90278506
"worcester ma",57.9,70.78622399
"worland wy",79.6,84.07619048
"worthington mn",41.5,70.31817779
"xenia oh",79.8,82.80086078
"yakima wa",49.4,59.75085253
"yankton sd",86.8,92.88882318
"york ne",91.9,96.08959287
"york pa",40.6,54.18726445
"youngstown oh",42.3,48.88693829
"ypsilanti mi",60.2,60.49995528
"yreka ca",72.4,83.78600823
"yuma az",35.3,47.45404115
"zanesville oh",84.7,84.96834206
